Results Reports,,,,,,,,,,,,,,,,,,,,,,
,,,,,,,,,,,,,,,,,,,,,,
,,,,,,,,,,,,,,,,,,,,,,
,,,,Detailed Results,,,,,,,,,,,,,,,,,,
,,,,,,,,,,,,,,,,,,,,,,
,,,,,,,Results as at: 04/06/2024 10:57:31 AM,,,,,,,,,,,,,,,
,,,,,,,,,,,,,,,,,,,,,,
,,,,,,,,,,,,,,,,,,,,,,
,,,,,,,,,,,,,,,,,,,,,,
,,,,,,Electoral Event:,,,,,,2024 NATIONAL ELECTION,,,,,,,,,,
,,,,,,Province:,,,,,,KwaZulu-Natal,,,,,,,,,,
,,,,,,Municipality:,,,,ETH - eThekwini,,,,,,,,,,,,
,,,,,,,,,,,,,,,,,,,,,,
,,,,,,Voting District:,,,,,,All Voting Districts,,,,,,,,,,
,,,,,Ballot Type:,,,,,,National Ballot,,,,,,,,,,,
,,,,,,,,,,,,,,,,,,,,,,
,,,,,,Registered Population:,,,,,,"1,989,823",,,,,,,,,,
,,,,,,,,,,,,,,,,,,,,,,
,Party Name,,,,,,,,,,,,,Abbr.,,No. of Votes,% Votes,,,,,
,#HOPE4SA,,,,,,,,,,,,,#HOPE4SA,,713,0.06%,,,,,
,ABANTU BATHO CONGRESS,,,,,,,,,,,,,ABC,,470,0.04%,,,,,
,ABLE LEADERSHIP,,,,,,,,,,,,,AL,,103,0.01%,,,,,
,ACTION ALLIANCE DEVELOPMENT PARTY,,,,,,,,,,,,,AADP,,152,0.01%,,,,,
,ACTIONSA,,,,,,,,,,,,,ACTIONSA,,"6,023",0.48%,,,,,
,AFRICA AFRICANS RECLAIM,,,,,,,,,,,,,AAR,,162,0.01%,,,,,
,AFRICA RESTORATION ALLIANCE,,,,,,,,,,,,,ARA,,289,0.02%,,,,,
,AFRICAN CHRISTIAN DEMOCRATIC PARTY,,,,,,,,,,,,,ACDP,,"5,947",0.48%,,,,,
,AFRICAN CONGRESS FOR TRANSFORMATION,,,,,,,,,,,,,ACT,,195,0.02%,,,,,
,AFRICAN CONTENT MOVEMENT,,,,,,,,,,,,,ACM,,175,0.01%,,,,,
,AFRICAN HEART CONGRESS,,,,,,,,,,,,,AHC,,517,0.04%,,,,,
,AFRICAN INDEPENDENT CONGRESS,,,,,,,,,,,,,AIC,,688,0.05%,,,,,
,AFRICAN MOVEMENT CONGRESS,,,,,,,,,,,,,NO_ABBR,,510,0.04%,,,,,
,AFRICAN NATIONAL CONGRESS,,,,,,,,,,,,,ANC,,"190,525",15.22%,,,,,
,AFRICAN PEOPLE'S CONVENTION,,,,,,,,,,,,,APC,,270,0.02%,,,,,
,AFRICAN PEOPLE'S MOVEMENT,,,,,,,,,,,,,APEMO,,150,0.01%,,,,,
,AFRICAN TRANSFORMATION MOVEMENT,,,,,,,,,,,,,ATM,,"3,186",0.25%,,,,,
,AL JAMA-AH,,,,,,,,,,,,,ALJAMA,,"3,149",0.25%,,,,,
,ALL CITIZENS PARTY,,,,,,,,,,,,,ACP,,127,0.01%,,,,,
,ALLIANCE OF CITIZENS FOR CHANGE,,,,,,,,,,,,,A.C.C.,,345,0.03%,,,,,
,ALLIED MOVEMENT FOR CHANGE,,,,,,,,,,,,,AM4C,,"3,656",0.29%,,,,,
,AZANIAN PEOPLE'S ORGANISATION,,,,,,,,,,,,,AZAPO,,491,0.04%,,,,,
,BUILD ONE SOUTH AFRICA WITH MMUSI MAIMANE,,,,,,,,,,,,,BOSA,,"2,798",0.22%,,,,,
,CITIZANS,,,,,,,,,,,,,CITIZANS,,206,0.02%,,,,,
,CONGRESS  OF THE PEOPLE,,,,,,,,,,,,,COPE,,537,0.04%,,,,,
,CONSERVATIVES IN ACTION,,,,,,,,,,,,,CIASA,,"2,011",0.16%,,,,,
,DEMOCRATIC ALLIANCE,,,,,,,,,,,,,DA,,"300,652",24.02%,,,,,
,DEMOCRATIC LIBERAL CONGRESS,,,,,,,,,,,,,DLC,,"3,536",0.28%,,,,,
,ECONOMIC FREEDOM FIGHTERS,,,,,,,,,,,,,EFF,,"35,162",2.81%,,,,,
,ECONOMIC LIBERATORS FORUM SOUTH AFRICA,,,,,,,,,,,,,ELF-SA,,131,0.01%,,,,,
,FORUM 4 SERVICE DELIVERY,,,,,,,,,,,,,F4SD,,594,0.05%,,,,,
,FREE DEMOCRATS,,,,,,,,,,,,,FREE DEMS,,102,0.01%,,,,,
,GOOD,,,,,,,,,,,,,GOOD,,595,0.05%,,,,,
,INKATHA FREEDOM PARTY,,,,,,,,,,,,,IFP,,"68,800",5.50%,,,,,
,NATIONAL COLOURED CONGRESS,,,,,,,,,,,,,CCC,,176,0.01%,,,,,
,NATIONAL FREEDOM PARTY,,,,,,,,,,,,,NFP,,732,0.06%,,,,,
,NORTHERN CAPE COMMUNITIES MOVEMENT,,,,,,,,,,,,,NCCM,,39,0.00%,,,,,
,ORGANIC HUMANITY MOVEMENT,,,,,,,,,,,,,OHM,,367,0.03%,,,,,
,PAN AFRICANIST CONGRESS OF AZANIA,,,,,,,,,,,,,PAC,,"1,159",0.09%,,,,,
,PATRIOTIC ALLIANCE,,,,,,,,,,,,,PA,,"4,351",0.35%,,,,,
,PEOPLE'S MOVEMENT FOR CHANGE,,,,,,,,,,,,,PMC,,175,0.01%,,,,,
,REFERENDUM PARTY,,,,,,,,,,,,,RP,,79,0.01%,,,,,
,RISE MZANSI,,,,,,,,,,,,,RISE,,"2,710",0.22%,,,,,
,SIZWE UMMAH NATION,,,,,,,,,,,,,SUN,,339,0.03%,,,,,
,SOUTH AFRICAN RAINBOW ALLIANCE,,,,,,,,,,,,,SARA,,145,0.01%,,,,,
,SOUTH AFRICAN ROYAL KINGDOMS ORGANIZATION,,,,,,,,,,,,,SARKO,,565,0.05%,,,,,
,UMKHONTO WESIZWE,,,,,,,,,,,,,M.K.,,"602,632",48.14%,,,,,
,UNITED AFRICANS TRANSFORMATION,,,,,,,,,,,,,UAT,,981,0.08%,,,,,
,UNITED DEMOCRATIC MOVEMENT,,,,,,,,,,,,,UDM,,838,0.07%,,,,,
,UNITED INDEPENDENT MOVEMENT,,,,,,,,,,,,,UIM,,"1,016",0.08%,,,,,
,VRYHEIDSFRONT PLUS,,,,,,,,,,,,,VF PLUS,,"2,368",0.19%,,,,,
,XILUVA,,,,,,,,,,,,,XILUVA,,117,0.01%,,,,,
,Total Valid Votes,,,,,,,,,,,,,,,"1,251,756",100.00%,,,,,
,Spoilt Votes,,,,,,,,,,,,,,,"16,815",,,,,,
,Total Votes Cast,,,,,,,,,,,,,,,"1,268,571",,,,,,
,,,,,,,,,,,,,,,,,,,,,,
