PartyName,ForecastShare,PredictedVotes
UMKHONTO WESIZWE,28.883999999999993,208897
AFRICAN NATIONAL CONGRESS,26.134282067697896,189010
DEMOCRATIC ALLIANCE,24.94358753433427,180399
INKATHA FREEDOM PARTY,6.280215195886081,45420
ECONOMIC FREEDOM FIGHTERS,6.007420458065714,43447
ACTIONSA,1.227726564920179,8879
AFRICAN CHRISTIAN DEMOCRATIC PARTY,0.5922584828896552,4283
AFRICAN INDEPENDENT CONGRESS,0.4331825034592428,3133
AFRICAN TRANSFORMATION MOVEMENT,0.3781035088081616,2735
DEMOCRATIC LIBERAL CONGRESS,0.345557258214411,2499
ACTIVE CITIZENS COALITION,0.3221226327419921,2330
PATRIOTIC ALLIANCE,0.2885816071539207,2087
ABANTU BATHO CONGRESS,0.2820491935317321,2040
JUSTICE AND EMPLOYMENT PARTY,0.2459160281695958,1779
AL JAMA-AH,0.22063051155490382,1596
VRYHEIDSFRONT PLUS,0.21834522211437177,1579
MINORITY FRONT,0.2013589145205592,1456
UNITED INDEPENDENT MOVEMENT,0.19747027116333815,1428
ALLIED MOVEMENT FOR CHANGE,0.18695925321657952,1352
AFRICAN DEMOCRATIC CHANGE,0.18106813159579518,1310
NATIONAL FREEDOM PARTY,0.17963602569133222,1299
BUILD ONE SOUTH AFRICA WITH MMUSI MAIMANE,0.13199999999999998,955
RISE MZANSI,0.13199999999999998,955
MINORITIES OF SOUTH AFRICA,0.11492947274942687,831
PEOPLE'S REVOLUTIONARY MOVEMENT,0.11276099213151315,816
AFRICAN PEOPLE FIRST,0.11208979574977797,811
KZN INDEPENDENCE,0.10981805415005881,794
PAN AFRICANIST CONGRESS OF AZANIA,0.1051141859936804,760
INDEPENDENT PEOPLE'S PARTY,0.09840771566056049,712
TRULY ALLIANCE,0.09660064847896571,699
CONSERVATIVES IN ACTION,0.09599999999999997,694
GOOD,0.08529625575679972,617
PEOPLE'S FREEDOM PARTY,0.08044030482641827,582
CONGRESS  OF THE PEOPLE,0.07036418083063133,509
AFRICAN PEOPLE'S CONVENTION,0.061668532248404594,446
FORUM 4 SERVICE DELIVERY,0.05689948576031059,412
UNITED AFRICANS TRANSFORMATION,0.04799999999999999,347
AFRICAN FREEDOM REVOLUTION,0.042491894012928265,307
UNITED DEMOCRATIC MOVEMENT,0.04199999999999999,304
BLACK FIRST LAND FIRST,0.037586997377171055,272
AZANIAN PEOPLE'S ORGANISATION,0.03742392763470394,271
#HOPE4SA,0.03599999999999998,260
AFRICAN MANTUNGWA COMMUNITY,0.03335329712314904,241
UNITED CHRISTIAN DEMOCRATIC PARTY,0.03232068730509489,234
ACTIVISTS MOVEMENT OF SOUTH AFRICA,0.03113318601433262,225
SOUTH AFRICAN ROYAL KINGDOMS ORGANIZATION,0.029999999999999992,217
ADVANCED DYNAMIC ALLIANCE,0.024834266124202302,180
AFRICAN MOVEMENT CONGRESS,0.023999999999999994,174
AFRICAN HEART CONGRESS,0.023999999999999994,174
AFRICA RESTORATION ALLIANCE,0.022480989653249617,163
AFRICAN PEOPLE'S MOVEMENT,0.021385886289006825,155
THE ORGANIC HUMANITY MOVEMENT,0.021065240288304653,152
ACADEMIC CONGRESS UNION,0.019567956052126138,142
GOD SAVE AFRICA,0.019413064579418018,140
INTERNATIONAL PARTY,0.018793498688585528,136
ALLIANCE OF CITIZENS FOR CHANGE,0.01799999999999999,130
ORGANIC HUMANITY MOVEMENT,0.01799999999999999,130
SIZWE UMMAH NATION,0.01799999999999999,130
DEMOCRATIC PEOPLE'S CONGRESS,0.017709258379628667,128
AFRICAN FEDERAL CONVENTION,0.01667664856157452,121
UNITED CULTURAL MOVEMENT,0.015179364325396003,110
AFRICAN CONGRESS FOR TRANSFORMATION,0.011999999999999997,87
CITIZANS,0.011999999999999997,87
AFRICAN BASIC REPUBLICANS,0.010687511616860452,77
SPECTRUM NATIONAL PARTY,0.009035335907973811,65
ALL CITIZENS PARTY,0.005999999999999998,43
ABLE LEADERSHIP,0.005999999999999998,43
AFRICAN CONTENT MOVEMENT,0.005999999999999998,43
ACTION ALLIANCE DEVELOPMENT PARTY,0.005999999999999998,43
AFRICA AFRICANS RECLAIM,0.005999999999999998,43
ECONOMIC LIBERATORS FORUM SOUTH AFRICA,0.005999999999999998,43
REFERENDUM PARTY,0.005999999999999998,43
PEOPLE'S MOVEMENT FOR CHANGE,0.005999999999999998,43
NATIONAL COLOURED CONGRESS,0.005999999999999998,43
SOUTH AFRICAN RAINBOW ALLIANCE,0.005999999999999998,43
FREE DEMOCRATS,0.005999999999999998,43
XILUVA,0.005999999999999998,43
NORTHERN CAPE COMMUNITIES MOVEMENT,0.0,0
