PartyName,2011,2016,2021
AFRICAN CHRISTIAN ALLIANCE-AFRIKANER CHRISTEN ALLIANSIE,0.09746048177725196,0.0,0.0
AFRICAN CHRISTIAN DEMOCRATIC PARTY,0.6731859410430839,0.5392231420521624,0.7606462072241382
AFRICAN NATIONAL CONGRESS,62.0223512110158,59.10912297474451,42.50570516924475
AFRICAN PEOPLE'S CONVENTION,0.40771139373623844,0.2645416422223671,0.12417133062101154
AZANIAN PEOPLE'S ORGANISATION,0.1271402280719051,0.043094394831569724,0.03355981908675988
BLACK CONSCIOUSNESS PARTY,0.06891041440730881,0.0,0.0
CONGRESS  OF THE PEOPLE,0.39867396233855856,0.14177693761814747,0.11591045207657834
DEMOCRATIC ALLIANCE/DEMOKRATIESE ALLIANSIE,21.81399733806566,0.0,0.0
INKATHA FREEDOM PARTY,3.9571625751749973,4.278657772562994,7.4505379897152055
MINORITY FRONT,4.936080712478228,0.4590096256219717,0.5033972863013981
NATIONAL FREEDOM PARTY,4.478252653718492,0.0,0.3590900642283307
SOCIALIST GREEN COALITION,0.0505274573597555,0.0,0.0
SOLIDARITY PARTY,0.04107923362581748,0.0,0.0
TRULY ALLIANCE,0.6188586545729403,0.4242443995393607,0.24150162119741433
UNITED ACTION FRONT,0.12898879358506687,0.0,0.0
UNITED DEMOCRATIC MOVEMENT,0.111632817378159,0.11986760243066871,0.0
VRYHEIDSFRONT PLUS,0.06798613165072794,0.1022133860605929,0.2608630552859297
ACADEMIC CONGRESS UNION,0.0,0.04399973926080438,0.048919890130315356
AFRICAN INDEPENDENT CONGRESS,0.0,1.5094807668629453,1.0079562586481072
AFRICAN MANTUNGWA COMMUNITY,0.0,0.17518414705690633,0.08338324280787261
AL JAMA-AH,0.0,0.181340489175702,0.17657627888725966
ALLIED MOVEMENT FOR CHANGE,0.0,0.07785962091418058,0.03239813304144896
DEMOCRATIC ALLIANCE,0.0,27.54112074397584,26.328968835835692
DEMOCRATIC LIBERAL CONGRESS,0.0,0.4346558604755593,0.44389314553602777
ECONOMIC FREEDOM FIGHTERS,0.0,3.629254213472974,10.803551145164288
INDEPENDENT PEOPLE'S PARTY,0.0,0.13562059549935176,0.24601928915140128
INDEPENDENT RATEPAYERS ASSOCIATION OF SA,0.0,0.03974462044340149,0.0
MINORITIES OF SOUTH AFRICA,0.0,0.2732329487430198,0.28732368187356727
PAN AFRICANIST CONGRESS OF AZANIA,0.0,0.0942463550833279,0.12778546498420107
PEOPLE'S REVOLUTIONARY MOVEMENT,0.0,0.16504428944947816,0.28190248032878296
SOUTH AFRICAN POLITICAL PARTY,0.0,0.029695297278896783,0.0
THE PROMISE OF FREEDOM,0.0,0.023810558488871505,0.0
UNITED PEOPLES PARTY,0.0,0.13299509665457127,0.0
UNITED RESIDENTS FRONT,0.0,0.030962779479825307,0.0
ABANTU BATHO CONGRESS,0.0,0.0,0.6451229838293302
ACTIONSA,0.0,0.0,2.3493164123004484
ACTIVE CITIZENS COALITION,0.0,0.0,0.8053065818549803
ACTIVISTS MOVEMENT OF SOUTH AFRICA,0.0,0.0,0.07783296503583156
ADVANCED DYNAMIC ALLIANCE,0.0,0.0,0.06208566531050577
AFRICA RESTORATION ALLIANCE,0.0,0.0,0.026202474133124057
AFRICAN BASIC REPUBLICANS,0.0,0.0,0.026718779042151135
AFRICAN DEMOCRATIC CHANGE,0.0,0.0,0.45267032898948806
AFRICAN FEDERAL CONVENTION,0.0,0.0,0.041691621403936306
AFRICAN FREEDOM REVOLUTION,0.0,0.0,0.1062297350323207
AFRICAN PEOPLE FIRST,0.0,0.0,0.280224489374445
AFRICAN PEOPLE'S MOVEMENT,0.0,0.0,0.038464715722517084
AFRICAN TRANSFORMATION MOVEMENT,0.0,0.0,0.5702587720204043
BLACK FIRST LAND FIRST,0.0,0.0,0.09396749344292765
DEMOCRATIC PEOPLE'S CONGRESS,0.0,0.0,0.04427314594907168
FORUM 4 SERVICE DELIVERY,0.0,0.0,0.06724871440077651
GOD SAVE AFRICA,0.0,0.0,0.04853266144854505
GOOD,0.0,0.0,0.13824063939199935
INTERNATIONAL PARTY,0.0,0.0,0.046983746721463826
JUSTICE AND EMPLOYMENT PARTY,0.0,0.0,0.6147900704239896
KZN INDEPENDENCE,0.0,0.0,0.27454513537514713
PATRIOTIC ALLIANCE,0.0,0.0,0.19645401788480205
PEOPLE'S FREEDOM PARTY,0.0,0.0,0.2011007620660457
SPECTRUM NATIONAL PARTY,0.0,0.0,0.022588339769934532
THE ORGANIC HUMANITY MOVEMENT,0.0,0.0,0.05266310072076165
UNITED CHRISTIAN DEMOCRATIC PARTY,0.0,0.0,0.08080171826273724
UNITED CULTURAL MOVEMENT,0.0,0.0,0.03794841081349001
UNITED INDEPENDENT MOVEMENT,0.0,0.0,0.37367567790834555
