2024_weight,Leader,LeaderShare,MKShare
0.0,AFRICAN NATIONAL CONGRESS,42.50570516924475,0.0
0.1,AFRICAN NATIONAL CONGRESS,39.77713465232028,4.814000000000001
0.2,AFRICAN NATIONAL CONGRESS,37.04856413539581,9.628
0.30000000000000004,AFRICAN NATIONAL CONGRESS,34.31999361847132,14.442000000000002
0.4,AFRICAN NATIONAL CONGRESS,31.591423101546845,19.255999999999997
0.5,AFRICAN NATIONAL CONGRESS,28.862852584622367,24.069999999999997
0.6000000000000001,UMKHONTO WESIZWE,28.884,28.884
0.7000000000000001,UMKHONTO WESIZWE,33.69799999999999,33.69799999999999
0.8,UMKHONTO WESIZWE,38.51200000000001,38.51200000000001
0.9,UMKHONTO WESIZWE,43.326,43.326
1.0,UMKHONTO WESIZWE,48.14,48.14
